ID,TIER,REQUISITES,LEVEL_REQ_INCREASE
perkSkilled,10,"{""level"": 3}",3
perkAccuracy,1,"{""agility"": 9}",
perkAquaboyGirl,2,"{""endurance"": 5, ""level"": 1}",3
perkMysteriousStranger,1,"{""luck"": 7}",
perkIntenseTraining,10,"{""level"": 2}",2
perkAnimalFriend,2,"{""charisma"": 6, ""level"": 1}",5
perkDaring,1,"{""luck"": 7}",
perkArmorer,4,"{""strength"": 5, ""intelligence"": 6}",4
perkMakeshift,1,{},
perkBarbarian,1,"{""strength"": 7, ""level"": 4}",
perkMovingTarget,1,"{""agility"": 6}",
perkBlitz,2,"{""agility"": 9, ""level"": 1}",3
perkCenterOfMass,1,"{""agility"": 7}",
perkPathfinder,1,"{""perception"": 6, ""endurance"": 6}",
perkGunFu,3,"{""agility"": 10, ""level"": 1}",5
perkPickpocket,3,"{""perception"": 8, ""agility"": 8, ""level"": 1}",3
perkHunter,1,"{""endurance"": 6}",
perkBloodyMess,1,"{""luck"": 6}",
perkSniper,1,"{""perception"": 8, ""agility"": 6}",
perkFortuneFinder,3,"{""luck"": 5, ""level"": 2}",4
perkChemist,1,"{""intelligence"": 7}",
perkShotgunSurgeon,1,"{""strength"": 5, ""agility"": 7}",
perkCapCollector,1,"{""charisma"": 5}",
perkLaserCommander,2,"{""perception"": 8, ""level"": 2}",4
perkCommando,2,"{""agility"": 8, ""level"": 2}",3
perkComprehension,1,"{""intelligence"": 6}",
perkPiercingStrike,1,"{""strength"": 7}",
perkAwareness,1,"{""perception"": 7}",
perkNightPerson,1,"{""perception"": 7}",
perkBetterCriticals,1,"{""luck"": 9}",
perkDogmeat,1,"{""charisma"": 5}",
perkLifeGiver,5,"{""level"": 5}",5
perkSolarPowered,1,"{""endurance"": 7}",
perkEntomologist,1,"{""intelligence"": 7}",
perkQuickDraw,1,"{""agility"": 6}",
perkRoboticsExpert,3,"{""intelligence"": 8, ""level"": 2}",4
perkEvasive,2,"{""agility"": 6, ""level"": 4}",6
perkDemolitionExpert,1,"{""perception"": 6, ""luck"": 6}",
perkBlacksmith,3,"{""strength"": 6, ""level"": 2}",4
perkGunNut,4,"{""intelligence"": 6, ""level"": 2}",4
perkInspirational,1,"{""charisma"": 8}",
perkPartyBoyGirl,1,"{""endurance"": 6, ""charisma"": 7}",
perkRifleman,2,"{""agility"": 7, ""level"": 2}",4
perkNuclearPhysicist,1,"{""intelligence"": 9}",
perkConcentratedFire,1,"{""perception"": 8, ""agility"": 6}",
perkChemSqueezer,1,"{""luck"": 6}",
perkScoundrel,1,"{""charisma"": 7}",
perkHacker,1,"{""intelligence"": 8}",
perkNerdRage,3,"{""intelligence"": 8, ""level"": 2}",5
perkInfiltrator,1,"{""perception"": 8}",
perkImprovedHealing,1,"{""endurance"": 6}",
perkMasterThief,1,"{""perception"": 8, ""agility"": 9}",
perkHealer,3,"{""intelligence"": 7, ""level"": 1}",5
perkSizeMatters,3,"{""endurance"": 7, ""agility"": 6}",4
perkMedic,1,"{""intelligence"": 8}",
perkSmoothTalker,1,"{""charisma"": 6}",
perkMeltdown,1,"{""perception"": 10}",
perkSnakeFancier,1,"{""endurance"": 7}",
perkQuickHands,1,"{""agility"": 8}",
perkFastMetabolism,3,"{""endurance"": 6, ""level"": 1}",3
perkSteadyAim,1,"{""strength"": 8, ""agility"": 7}",
perkNinja,1,"{""agility"": 8}",
perkHeaveHo,1,"{""strength"": 8}",
perkParalyzingPalm,1,"{""strength"": 8}",
perkLightStep,1,{},
perkBigLeaguer,1,"{""strength"": 8}",
perkPyromaniac,3,"{""endurance"": 6, ""level"": 2}",4
perkGunslinger,2,"{""agility"": 7, ""level"": 2}",4
perkTerrifyingPresence,2,"{""strength"": 6, ""charisma"": 8, ""level"": 3}",5
perkChemResistant,2,"{""endurance"": 7, ""level"": 1}",4
perkPrudent,1,"{""perception"": 7}",
perkRadResistant,2,"{""endurance"": 8, ""level"": 1}",4
perkIronFist,2,"{""strength"": 6, ""level"": 1}",5
perkCanDo,1,"{""luck"": 5}",
perkScrapper,2,"{""level"": 3}",5
perkRefractor,2,"{""perception"": 6, ""luck"": 7, ""level"": 1}",4
perkRicochet,1,"{""luck"": 10, ""level"": 5}",
perkAdamantiumSkeleton,3,"{""endurance"": 7, ""level"": 1}",3
perkToughness,2,"{""endurance"": 6, ""luck"": 6, ""level"": 1}",4
perkAdrenalineRush,1,"{""strength"": 7}",
perkStrongBack,3,"{""strength"": 5, ""level"": 1}",2
perkScience,4,"{""intelligence"": 6, ""level"": 2}",4
perkScrounger,3,"{""luck"": 6, ""level"": 1}",5
perkBasher,1,"{""strength"": 6}",
perkMisterSandman,1,"{""agility"": 9}",
perkTag,1,"{""level"": 5}",
perkGhost,1,"{""perception"": 5, ""agility"": 6}",
perkSlayer,1,"{""strength"": 8}",
perkLeadBelly,2,"{""endurance"": 6, ""level"": 1}",4
perkPainTrain,2,"{""strength"": 9, ""endurance"": 7, ""level"": 1}",5
perkBlackWidowLadyKiller,1,"{""charisma"": 6}",
perkGrimReaper,1,"{""luck"": 8}",
perkJunktownVendor,1,"{""charisma"": 8}",
perkActionBoyGirl,1,{},
perkRobotWrangler,1,"{""intelligence"": 5}",
perkAmmosmith,3,"{""intelligence"": 7, ""level"": 2}",4
perkAllNightLong,1,"{""level"": 16}",
perkBodyguards,1,"{""charisma"": 8, ""level"": 5}",
perkCommunityOrganizer,3,"{""charisma"": 5, ""endurance"": 5, ""level"": 1}",3
perkContractor,3,"{""charisma"": 5, ""intelligence"": 5, ""level"": 2}",4
perkCovertOperator,1,"{""agility"": 8}",
perkEnforcer,1,"{""agility"": 9, ""level"": 12}",
perkGreenThumb,1,"{""perception"": 4, ""level"": 4}",
perkGunRunner,1,"{""agility"": 6, ""level"": 4}",
perkHappyCamper,2,"{""charisma"": 7, ""endurance"": 6, ""level"": 3}",
perkHiredHelp,1,"{""charisma"": 7}",
perkHomeDefense,2,"{""intelligence"": 6, ""level"": 5}",5
perkHomebody,2,"{""endurance"": 6, ""level"": 5}",5
perkLocalLeader,2,"{""charisma"": 6, ""level"": 2}",5
perkLockAndLoad,3,"{""strength"": 7, ""level"": 2}",4
perkMechanicalMenace,1,"{""charisma"": 6, ""intelligence"": 5}",
perkClassFreak,1,"{""charisma"": 6, ""intelligence"": 5}",
perkNocturnalFortitude,1,"{""endurance"": 6, ""level"": 12}",
perkPannapictagraphist,1,"{""luck"": 5}",
perkPharmacist,3,"{""intelligence"": 8, ""level"": 2}",6
perkPhotosynthetic,2,"{""endurance"": 7, ""level"": 5}",10
perkQuackSurgeon,1,"{""charisma"": 7, ""level"": 12}",
perkRejuvenated,1,"{""endurance"": 7, ""level"": 12}",
perkRetribution,3,"{""endurance"": 8, ""luck"": 8, ""level"": 2}",5
perkSquadManeuvers,2,"{""charisma"": 7}",
perkSuperDuper,3,"{""luck"": 6, ""level"": 3}",4
perkTakingOneForTheTeam,3,"{""endurance"": 7, ""charisma"": 6, ""level"": 1}",4
perkTinkerer,1,"{""endurance"": 5, ""intelligence"": 5}",
perkTrueFriends,2,"{""perception"": 6, ""charisma"": 6}",4
perkBlocker,3,"{""strength"": 6, ""level"": 1}",5
perkGladiator,3,"{""strength"": 6, ""level"": 2}",5
perkBulletShield,3,"{""strength"": 8, ""level"": 8}",6
perkIncisor,2,"{""strength"": 6, ""level"": 2}",9
perkMartialArtist,1,"{""strength"": 6, ""level"": 8}",
perkPackRat,1,"{""strength"": 6, ""level"": 4}",
perkScattershot,1,"{""strength"": 7, ""level"": 10}",
perkSturdyFrame,3,"{""strength"": 8, ""level"": 5}",8
perkArcher,3,"{""perception"": 6, ""level"": 1}",7
perkBowBeforeMe,1,"{""perception"": 8, ""level"": 4}",
perkButchersBounty,3,"{""perception"": 8, ""level"": 3}",5
perkCrackShot,2,"{""perception"": 7, ""level"": 7}",7
perkFireInTheHole,1,"{""perception"": 8, ""level"": 8}",
perkGlowSight,3,"{""perception"": 8, ""level"": 3}",8
perkNightEyes,1,"{""perception"": 8, ""level"": 7}",
perkDromedary,1,"{""endurance"": 7, ""level"": 3}",
perkCannibal,3,"{""endurance"": 8, ""level"": 10}",9
perkColaNut,1,"{""endurance"": 6, ""level"": 14}",
perkFireproof,3,"{""endurance"": 6, ""level"": 7}",7
perkGhoulish,3,"{""endurance"": 9, ""level"": 7}",8
perkIronclad,3,"{""endurance"": 7, ""level"": 5}",5
perkNaturalResistance,1,"{""endurance"": 7, ""level"": 10}",
perkRadicool,1,"{""endurance"": 6, ""level"": 12}",
perkRevenant,1,"{""endurance"": 8, ""level"": 12}",
perkSlowMetabolizer,1,"{""endurance"": 7, ""level"": 5}",
perkThirstQuencher,1,"{""endurance"": 7, ""level"": 6}",
perkVaccinated,1,"{""endurance"": 7, ""level"": 16}",
perkBloodsucker,1,"{""charisma"": 6, ""level"": 11}",
perkFieldSurgeon,1,"{""charisma"": 8, ""intelligence"": 8, ""level"": 15}",
perkHappyGoLucky,1,"{""charisma"": 9, ""level"": 17}",
perkHealingHands,1,"{""charisma"": 8, ""intelligence"": 7, ""level"": 18}",
perkOverlyGenerous,1,"{""charisma"": 7, ""level"": 12}",
perkResponder,3,"{""charisma"": 8, ""intelligence"": 7, ""level"": 9}",7
perkSpiritualHealer,3,"{""charisma"": 7, ""level"": 6}",9
perkSuppressor,3,"{""charisma"": 6, ""level"": 10}",7
perkTenderizer,3,"{""charisma"": 7, ""level"": 8}",10
perkLicensedPlumber,1,"{""intelligence"": 6, ""level"": 5}",
perkPowerPatcher,3,"{""intelligence"": 6, ""level"": 5}",10
perkPowerUser,3,"{""intelligence"": 9, ""level"": 10}",10
perkStabilized,1,"{""intelligence"": 7, ""level"": 16}",
perkBornSurvivor,3,"{""agility"": 8, ""level"": 3}",8
perkDeadManSprinting,1,"{""agility"": 7, ""level"": 8}",
perkEscapeArtist,1,"{""agility"": 8, ""level"": 15}",
perkGoatLegs,3,"{""agility"": 7, ""level"": 7}",5
perkModernRenegade,3,"{""agility"": 7, ""level"": 8}",5
perkSecretAgent,3,"{""agility"": 9, ""level"": 7}",5
perkDryNurse,1,"{""luck"": 8, ""level"": 13}",
perkJunkShield,3,"{""luck"": 7, ""level"": 1}",8
perkMysteriousSavior,1,"{""luck"": 7, ""level"": 1}",
perkPsychopath,3,"{""luck"": 8, ""level"": 11}",6
perkSerendipity,3,"{""luck"": 7, ""level"": 5}",6
perkStormChaser,1,"{""luck"": 6, ""level"": 15}",
